{
  "display": {
    "gui": {
      "rotation": [
        30,
        225,
        0
      ],
      "translation": [
        0,
        0,
        0
      ],
      "scale": [
        0.625,
        0.625,
        0.625
      ]
    },
    "ground": {
      "rotation": [
        0,
        0,
        0
      ],
      "translation": [
        0,
        3,
        0
      ],
      "scale": [
        0.25,
        0.25,
        0.25
      ]
    },
    "fixed": {
      "rotation": [
        0,
        0,
        0
      ],
      "translation": [
        0,
        0,
        0
      ],
      "scale": [
        0.5,
        0.5,
        0.5
      ]
    },
    "thirdperson_righthand": {
      "rotation": [
        75,
        45,
        0
      ],
      "translation": [
        0,
        2.5,
        0
      ],
      "scale": [
        0.375,
        0.375,
        0.375
      ]
    },
    "firstperson_righthand": {
      "rotation": [
        0,
        45,
        0
      ],
      "translation": [
        0,
        0,
        0
      ],
      "scale": [
        0.40,
        0.40,
        0.40
      ]
    },
    "firstperson_lefthand": {
      "rotation": [
        0,
        225,
        0
      ],
      "translation": [
        0,
        0,
        0
      ],
      "scale": [
        0.40,
        0.40,
        0.40
      ]
    }
  },
  "elements": [
    {
      "from": [
        7,
        4,
        13
      ],
      "to": [
        9,
        12,
        15
      ],
      "rotation": {
        "angle": -22.5,
        "axis": "x",
        "origin": [
          8,
          6,
          14
        ]
      },
      "faces": {
        "north": {
          "uv": [
            0,
            0,
            2,
            8
          ],
          "texture": "#0"
        },
        "east": {
          "uv": [
            0,
            0,
            2,
            8
          ],
          "texture": "#0"
        },
        "south": {
          "uv": [
            0,
            0,
            2,
            8
          ],
          "texture": "#0"
        },
        "west": {
          "uv": [
            0,
            0,
            2,
            8
          ],
          "texture": "#0"
        },
        "up": {
          "uv": [
            0,
            0,
            2,
            2
          ],
          "texture": "#0"
        },
        "down": {
          "uv": [
            0,
            0,
            2,
            8
          ],
          "texture": "#0"
        }
      }
    },
    {
      "from": [
        6.5,
        10,
        12
      ],
      "to": [
        9.5,
        16,
        12
      ],
      "rotation": {
        "angle": 0,
        "axis": "x",
        "origin": [
          8,
          6,
          12
        ]
      },
      "faces": {
        "north": {
          "uv": [
            0,
            0,
            3,
            6
          ],
          "texture": "#1"
        },
        "east": {
          "uv": [
            0,
            0,
            3,
            6
          ],
          "texture": "#1"
        },
        "south": {
          "uv": [
            0,
            0,
            3,
            6
          ],
          "texture": "#1"
        },
        "west": {
          "uv": [
            0,
            0,
            3,
            6
          ],
          "texture": "#1"
        }
      }
    },
    {
      "from": [
        8,
        10,
        10.5
      ],
      "to": [
        8,
        16,
        13.5
      ],
      "rotation": {
        "angle": 0,
        "axis": "x",
        "origin": [
          8,
          6,
          12
        ]
      },
      "faces": {
        "north": {
          "uv": [
            0,
            0,
            3,
            6
          ],
          "texture": "#1"
        },
        "east": {
          "uv": [
            0,
            0,
            3,
            6
          ],
          "texture": "#1"
        },
        "south": {
          "uv": [
            0,
            0,
            3,
            6
          ],
          "texture": "#1"
        },
        "west": {
          "uv": [
            0,
            0,
            3,
            6
          ],
          "texture": "#1"
        }
      }
    },
    {
      "from": [
        6.5,
        0,
        12.5
      ],
      "to": [
        9.5,
        4,
        15.5
      ],
      "rotation": {
        "angle": -22.5,
        "axis": "x",
        "origin": [
          8,
          6,
          14
        ]
      },
      "faces": {
        "north": {
          "uv": [
            13,
            12,
            16,
            16
          ],
          "texture": "#0"
        },
        "east": {
          "uv": [
            13,
            12,
            16,
            16
          ],
          "texture": "#0"
        },
        "south": {
          "uv": [
            13,
            12,
            16,
            16
          ],
          "texture": "#0"
        },
        "west": {
          "uv": [
            13,
            12,
            16,
            16
          ],
          "texture": "#0"
        },
        "up": {
          "uv": [
            13,
            9,
            16,
            12
          ],
          "texture": "#0"
        },
        "down": {
          "uv": [
            10,
            13,
            13,
            16
          ],
          "texture": "#0"
        }
      }
    },
    {
      "from": [
        6.5,
        9,
        12.5
      ],
      "to": [
        9.5,
        10,
        15.5
      ],
      "rotation": {
        "angle": -22.5,
        "axis": "x",
        "origin": [
          8,
          6,
          14
        ]
      },
      "faces": {
        "north": {
          "uv": [
            13,
            3,
            16,
            4
          ],
          "texture": "#0"
        },
        "east": {
          "uv": [
            13,
            3,
            16,
            4
          ],
          "texture": "#0"
        },
        "south": {
          "uv": [
            13,
            3,
            16,
            4
          ],
          "texture": "#0"
        },
        "west": {
          "uv": [
            13,
            3,
            16,
            4
          ],
          "texture": "#0"
        },
        "up": {
          "uv": [
            13,
            0,
            16,
            3
          ],
          "texture": "#0"
        },
        "down": {
          "uv": [
            13,
            4,
            16,
            7
          ],
          "texture": "#0"
        }
      }
    },
    {
      "from": [
        6.5,
        7,
        12.5
      ],
      "to": [
        9.5,
        8,
        15.5
      ],
      "rotation": {
        "angle": -22.5,
        "axis": "x",
        "origin": [
          8,
          6,
          14
        ]
      },
      "faces": {
        "north": {
          "uv": [
            13,
            3,
            16,
            4
          ],
          "texture": "#0"
        },
        "east": {
          "uv": [
            13,
            3,
            16,
            4
          ],
          "texture": "#0"
        },
        "south": {
          "uv": [
            13,
            3,
            16,
            4
          ],
          "texture": "#0"
        },
        "west": {
          "uv": [
            13,
            3,
            16,
            4
          ],
          "texture": "#0"
        },
        "up": {
          "uv": [
            13,
            0,
            16,
            3
          ],
          "texture": "#0"
        },
        "down": {
          "uv": [
            13,
            4,
            16,
            7
          ],
          "texture": "#0"
        }
      }
    }
  ]
}