{
  "_fv": 69,
  "_type": "recipe",
  "definition": {
    "recipeType": "Crafting",
    "recipeRetstackSize": 10,
    "group": "",
    "cookingBookCategory": "MISC",
    "xpReward": 0.0,
    "cookingTime": 200,
    "craftingBookCategory": "REDSTONE",
    "recipeShapeless": false,
    "recipeSlots": [
      {
        "value": "CUSTOM:ChargedGunPowder"
      },
      {
        "value": "Blocks.SAND"
      },
      {
        "value": "CUSTOM:ChargedGunPowder"
      },
      {
        "value": "Blocks.SAND"
      },
      {
        "value": "CUSTOM:ChargedGunPowder"
      },
      {
        "value": "Blocks.SAND"
      },
      {
        "value": "CUSTOM:ChargedGunPowder"
      },
      {
        "value": "Blocks.SAND"
      },
      {
        "value": "CUSTOM:ChargedGunPowder"
      }
    ],
    "recipeReturnStack": {
      "value": "Blocks.TNT"
    },
    "name": "charged_gunpowder_tnt_recipe",
    "namespace": "mod"
  }
}