{
  "_fv": 69,
  "_type": "tool",
  "definition": {
    "toolType": "Pickaxe",
    "renderType": 0,
    "blockingRenderType": 0,
    "texture": "ectonscythe",
    "customModelName": "Normal",
    "blockingModelName": "Normal blocking",
    "name": "Ecton Scythe",
    "specialInformation": {
      "fixedValue": []
    },
    "creativeTabs": [
      {
        "value": "TOOLS"
      }
    ],
    "efficiency": 15.0,
    "attackSpeed": 2.5,
    "enchantability": 29,
    "damageVsEntity": 12.0,
    "usageCount": 4500,
    "glowCondition": {
      "fixedValue": true
    },
    "repairItems": [
      {
        "value": "Items.ENDER_PEARL"
      },
      {
        "value": "CUSTOM:EndysterIngot"
      },
      {
        "value": "CUSTOM:EnderCoal"
      }
    ],
    "immuneToFire": true,
    "blockDropsTier": "NETHERITE",
    "blocksAffected": [],
    "stayInGridWhenCrafting": false,
    "damageOnCrafting": false,
    "onRightClickedOnBlock": {
      "name": "EctonScytheScraper"
    },
    "onEntityHitWith": {
      "name": "EctonScytheHitEnemyTheyGoByeBye"
    }
  }
}