{
  "_fv": 69,
  "_type": "tool",
  "definition": {
    "toolType": "Pickaxe",
    "renderType": 0,
    "blockingRenderType": 0,
    "texture": "endscythe",
    "customModelName": "Normal",
    "blockingModelName": "Normal blocking",
    "name": "End's Scythe",
    "specialInformation": {
      "fixedValue": []
    },
    "creativeTabs": [
      {
        "value": "TOOLS"
      }
    ],
    "efficiency": 13.0,
    "attackSpeed": 2.0,
    "enchantability": 25,
    "damageVsEntity": 10.0,
    "usageCount": 3500,
    "glowCondition": {
      "fixedValue": false
    },
    "repairItems": [
      {
        "value": "Items.ENDER_PEARL"
      },
      {
        "value": "CUSTOM:EndysterIngot"
      },
      {
        "value": "CUSTOM:EnderCoal"
      }
    ],
    "immuneToFire": true,
    "blockDropsTier": "NETHERITE",
    "blocksAffected": [],
    "stayInGridWhenCrafting": false,
    "damageOnCrafting": false,
    "onRightClickedOnBlock": {
      "name": "EndsScytheRightclickedOnBlock"
    },
    "onEntityHitWith": {
      "name": "EndysterPickaxeLivingEntityIsHitWithTool"
    }
  }
}