{
  "_fv": 69,
  "_type": "recipe",
  "definition": {
    "recipeType": "Smithing",
    "recipeRetstackSize": 1,
    "group": "",
    "cookingBookCategory": "MISC",
    "xpReward": 0.0,
    "cookingTime": 200,
    "craftingBookCategory": "MISC",
    "recipeShapeless": false,
    "smithingInputStack": {
      "value": "CUSTOM:EnderBone"
    },
    "smithingInputAdditionStack": {
      "value": "CUSTOM:EndysterIngot"
    },
    "smithingInputTemplateStack": {
      "value": "CUSTOM:EndysterPickaxe"
    },
    "smithingReturnStack": {
      "value": "CUSTOM:EndsScythe"
    },
    "name": "ends_scythe_smithing",
    "namespace": "mod"
  }
}