{
  "_fv": 69,
  "_type": "recipe",
  "definition": {
    "recipeType": "Smithing",
    "recipeRetstackSize": 1,
    "group": "",
    "cookingBookCategory": "MISC",
    "xpReward": 0.0,
    "cookingTime": 200,
    "craftingBookCategory": "MISC",
    "recipeShapeless": false,
    "smithingInputStack": {
      "value": "Items.DIAMOND_PICKAXE"
    },
    "smithingInputAdditionStack": {
      "value": "CUSTOM:EnderPearlBlock"
    },
    "smithingInputTemplateStack": {
      "value": "CUSTOM:EndysterIngot"
    },
    "smithingReturnStack": {
      "value": "Blocks.ENDER_CHEST"
    },
    "name": "endyster_pickaxe_upgrade_recipe",
    "namespace": "mod"
  }
}