{
  "_fv": 69,
  "_type": "recipe",
  "definition": {
    "recipeType": "Smithing",
    "recipeRetstackSize": 1,
    "group": "",
    "cookingBookCategory": "MISC",
    "xpReward": 0.0,
    "cookingTime": 200,
    "craftingBookCategory": "MISC",
    "recipeShapeless": false,
    "smithingInputStack": {
      "value": "CUSTOM:SoulBlazeBone"
    },
    "smithingInputAdditionStack": {
      "value": "CUSTOM:BlazedCoal"
    },
    "smithingInputTemplateStack": {
      "value": "CUSTOM:GildedHammer"
    },
    "smithingReturnStack": {
      "value": "CUSTOM:SoulflameHammer"
    },
    "name": "soulflame_hammer_smithing",
    "namespace": "mod"
  }
}