{
  "_fv": 69,
  "_type": "recipe",
  "definition": {
    "recipeType": "Crafting",
    "recipeRetstackSize": 1,
    "group": "",
    "cookingBookCategory": "MISC",
    "xpReward": 0.0,
    "cookingTime": 200,
    "craftingBookCategory": "MISC",
    "recipeShapeless": false,
    "recipeSlots": [
      {
        "value": ""
      },
      {
        "value": "Items.SOUL_TORCH"
      },
      {
        "value": ""
      },
      {
        "value": "CUSTOM:PhantomPowder"
      },
      {
        "value": "CUSTOM:BlazeBone"
      },
      {
        "value": "CUSTOM:PhantomPowder"
      },
      {
        "value": ""
      },
      {
        "value": "CUSTOM:PhantomPowder"
      },
      {
        "value": ""
      }
    ],
    "recipeReturnStack": {
      "value": "CUSTOM:SoulBlazeBone"
    },
    "name": "soul_blaze_bone_recipe",
    "namespace": "mod"
  }
}