{
  "_fv": 69,
  "_type": "tool",
  "definition": {
    "toolType": "Pickaxe",
    "renderType": 0,
    "blockingRenderType": 0,
    "texture": "soulflamehammer",
    "customModelName": "Normal",
    "blockingModelName": "Normal blocking",
    "name": "Soulflame Hammer",
    "specialInformation": {
      "fixedValue": []
    },
    "creativeTabs": [
      {
        "value": "TOOLS"
      }
    ],
    "efficiency": 14.0,
    "attackSpeed": 2.5,
    "enchantability": 30,
    "damageVsEntity": 11.0,
    "usageCount": 64,
    "glowCondition": {
      "fixedValue": false
    },
    "repairItems": [
      {
        "value": "Blocks.GILDED_BLACKSTONE"
      },
      {
        "value": "Items.BLAZE_ROD"
      },
      {
        "value": "CUSTOM:BlazedCoal"
      },
      {
        "value": "Items.BLAZE_POWDER"
      }
    ],
    "immuneToFire": true,
    "blockDropsTier": "NETHERITE",
    "blocksAffected": [],
    "stayInGridWhenCrafting": false,
    "damageOnCrafting": false,
    "onRightClickedOnBlock": {
      "name": "SoulflameHammerRightClick"
    },
    "onEntityHitWith": {
      "name": "BlazeBoneLivingEntityIsHitWithItem"
    },
    "onBlockDestroyedWithTool": {
      "name": "GildedHammerBlockDestroyedWithTool"
    }
  }
}