{
  "_fv": 69,
  "_type": "recipe",
  "definition": {
    "recipeType": "Crafting",
    "recipeRetstackSize": 1,
    "group": "",
    "cookingBookCategory": "MISC",
    "xpReward": 0.0,
    "cookingTime": 200,
    "craftingBookCategory": "MISC",
    "recipeShapeless": false,
    "recipeSlots": [
      {
        "value": ""
      },
      {
        "value": "Blocks.LIT_PUMPKIN"
      },
      {
        "value": ""
      },
      {
        "value": "CUSTOM:TotemiteIngot"
      },
      {
        "value": "CUSTOM:TotemiteIngot"
      },
      {
        "value": "CUSTOM:TotemiteIngot"
      },
      {
        "value": ""
      },
      {
        "value": "CUSTOM:TotemiteIngot"
      },
      {
        "value": ""
      }
    ],
    "recipeReturnStack": {
      "value": "Items.TOTEM_OF_UNDYING"
    },
    "name": "totem_crafting",
    "namespace": "mod"
  }
}