{
  "parent": "block/cube",
  "textures": {
    "down": "bloat_monster_ores:block/petrifiedwood_log_top",
    "up": "bloat_monster_ores:block/petrifiedwood_log_top",
    "north": "bloat_monster_ores:block/petrifiedwood_log_side",
    "east": "bloat_monster_ores:block/petrifiedwood_log_side",
    "south": "bloat_monster_ores:block/petrifiedwood_log_side",
    "west": "bloat_monster_ores:block/petrifiedwood_log_side",
    "particle": "bloat_monster_ores:block/petrifiedwood_log_top"
  },
  "render_type": "solid"
}