{
  "_fv": 69,
  "_type": "recipe",
  "definition": {
    "recipeType": "Crafting",
    "recipeRetstackSize": 1,
    "group": "",
    "cookingBookCategory": "MISC",
    "xpReward": 0.0,
    "cookingTime": 200,
    "craftingBookCategory": "MISC",
    "recipeShapeless": true,
    "recipeSlots": [
      {
        "value": ""
      },
      {
        "value": "CUSTOM:ChargedGunPowder"
      },
      {
        "value": ""
      },
      {
        "value": "CUSTOM:ChargedGunPowder"
      },
      {
        "value": "Items.GOLDEN_PICKAXE"
      },
      {
        "value": "CUSTOM:ChargedGunPowder"
      },
      {
        "value": ""
      },
      {
        "value": "CUSTOM:ChargedGunPowder"
      },
      {
        "value": ""
      }
    ],
    "recipeReturnStack": {
      "value": "CUSTOM:ChargedExplosivePickaxe"
    },
    "name": "charged_explosive_pickaxe_recipe",
    "namespace": "mod"
  }
}