{
  "_fv": 69,
  "_type": "recipe",
  "definition": {
    "recipeType": "Crafting",
    "recipeRetstackSize": 1,
    "group": "",
    "cookingBookCategory": "MISC",
    "xpReward": 0.0,
    "cookingTime": 200,
    "craftingBookCategory": "BUILDING",
    "recipeShapeless": false,
    "recipeSlots": [
      {
        "value": "Items.ENDER_PEARL"
      },
      {
        "value": "Items.ENDER_PEARL"
      },
      {
        "value": "Items.ENDER_PEARL"
      },
      {
        "value": "Items.ENDER_PEARL"
      },
      {
        "value": "Items.ENDER_PEARL"
      },
      {
        "value": "Items.ENDER_PEARL"
      },
      {
        "value": "Items.ENDER_PEARL"
      },
      {
        "value": "Items.ENDER_PEARL"
      },
      {
        "value": "Items.ENDER_PEARL"
      }
    ],
    "recipeReturnStack": {
      "value": "CUSTOM:EnderPearlBlock"
    },
    "name": "ender_pearl_block_recipe",
    "namespace": "mod"
  }
}