{
  "_fv": 69,
  "_type": "recipe",
  "definition": {
    "recipeType": "Crafting",
    "recipeRetstackSize": 2,
    "group": "",
    "cookingBookCategory": "MISC",
    "xpReward": 0.0,
    "cookingTime": 200,
    "craftingBookCategory": "MISC",
    "recipeShapeless": true,
    "recipeSlots": [
      {
        "value": "CUSTOM:FreshFlesh"
      },
      {
        "value": "CUSTOM:FreshFlesh"
      },
      {
        "value": ""
      },
      {
        "value": "CUSTOM:FreshFlesh"
      },
      {
        "value": "CUSTOM:FreshFlesh"
      },
      {
        "value": ""
      },
      {
        "value": ""
      },
      {
        "value": ""
      },
      {
        "value": ""
      }
    ],
    "recipeReturnStack": {
      "value": "Items.LEATHER"
    },
    "name": "fresh_flesh_to_leather",
    "namespace": "mod"
  }
}