{
  "_fv": 69,
  "_type": "recipe",
  "definition": {
    "recipeType": "Crafting",
    "recipeRetstackSize": 32,
    "group": "",
    "cookingBookCategory": "MISC",
    "xpReward": 0.0,
    "cookingTime": 200,
    "craftingBookCategory": "MISC",
    "recipeShapeless": false,
    "recipeSlots": [
      {
        "value": "Blocks.SAND"
      },
      {
        "value": "Blocks.SAND"
      },
      {
        "value": "Blocks.SAND"
      },
      {
        "value": "CUSTOM:GunpowderBlock"
      },
      {
        "value": "CUSTOM:GunpowderBlock"
      },
      {
        "value": "CUSTOM:GunpowderBlock"
      },
      {
        "value": "Blocks.SAND"
      },
      {
        "value": "Blocks.SAND"
      },
      {
        "value": "Blocks.SAND"
      }
    ],
    "recipeReturnStack": {
      "value": "Blocks.TNT"
    },
    "name": "gunpowder_block_tnt_recipe",
    "namespace": "mod"
  }
}