{
  "_fv": 69,
  "_type": "feature",
  "definition": {
    "skipPlacement": false,
    "generationStep": "UNDERGROUND_STRUCTURES",
    "restrictionBiomes": [],
    "featurexml": "<xml xmlns=\"https://developers.google.com/blockly/xml\"><block type=\"feature_container\" deletable=\"false\" x=\"536\" y=\"-404\"><value name=\"feature\"><block type=\"feature_tree_simple\"><mutation xmlns=\"http://www.w3.org/1999/xhtml\" inputs=\"0\"></mutation><field name=\"type\">oak</field><field name=\"base_height\">4</field><field name=\"height_variation_a\">4</field><field name=\"height_variation_b\">0</field><field name=\"force_dirt\">FALSE</field><field name=\"ignore_vines\">TRUE</field><comment pinned=\"false\" h=\"80\" w=\"160\">This block represents an oak tree, and should generate during the VEGETAL_DECORATION stage.</comment><value name=\"dirt\"><block type=\"blockstate_selector\"><mutation xmlns=\"http://www.w3.org/1999/xhtml\" inputs=\"0\"></mutation><field name=\"block\">Blocks.DIRT#0</field><comment pinned=\"false\" h=\"80\" w=\"160\">This is the block that will be placed under the trunk</comment></block></value><value name=\"trunk\"><block type=\"blockstate_selector\"><mutation xmlns=\"http://www.w3.org/1999/xhtml\" inputs=\"0\"></mutation><field name=\"block\">CUSTOM:PetrifiedWoodLog</field><comment pinned=\"false\" h=\"80\" w=\"160\">This is the block used for the trunk</comment></block></value><value name=\"foliage\"><block type=\"blockstate_selector\"><mutation xmlns=\"http://www.w3.org/1999/xhtml\" inputs=\"0\"></mutation><field name=\"block\">CUSTOM:PetrifiedWoodLeaves</field><comment pinned=\"false\" h=\"80\" w=\"160\">This is the block used for the leaves</comment></block></value><value name=\"root_placer\"><block type=\"root_placer_mangrove\"><field name=\"above_root_placement_chance\">0.5</field><field name=\"max_root_length\">15</field><field name=\"max_root_width\">8</field><field name=\"random_skew_chance\">0.2</field><value name=\"root_provider\"><block type=\"state_provider_weighted\"><mutation xmlns=\"http://www.w3.org/1999/xhtml\" inputs=\"7\"></mutation><field name=\"weight0\">15</field><field name=\"weight1\">1</field><field name=\"weight2\">1</field><field name=\"weight3\">1</field><field name=\"weight4\">1</field><field name=\"weight5\">1</field><field name=\"weight6\">5</field><value name=\"entry0\"><block type=\"blockstate_selector\"><mutation xmlns=\"http://www.w3.org/1999/xhtml\" inputs=\"0\"></mutation><field name=\"block\">CUSTOM:PetrifiedWoodWood</field></block></value><value name=\"entry1\"><block type=\"blockstate_selector\"><mutation xmlns=\"http://www.w3.org/1999/xhtml\" inputs=\"0\"></mutation><field name=\"block\">CUSTOM:OrewoodCoal</field></block></value><value name=\"entry2\"><block type=\"blockstate_selector\"><mutation xmlns=\"http://www.w3.org/1999/xhtml\" inputs=\"0\"></mutation><field name=\"block\">CUSTOM:OrewoodIron</field></block></value><value name=\"entry3\"><block type=\"blockstate_selector\"><mutation xmlns=\"http://www.w3.org/1999/xhtml\" inputs=\"0\"></mutation><field name=\"block\">CUSTOM:OrewoodGold</field></block></value><value name=\"entry4\"><block type=\"blockstate_selector\"><mutation xmlns=\"http://www.w3.org/1999/xhtml\" inputs=\"0\"></mutation><field name=\"block\">CUSTOM:OrewoodRedstone</field></block></value><value name=\"entry5\"><block type=\"blockstate_selector\"><mutation xmlns=\"http://www.w3.org/1999/xhtml\" inputs=\"0\"></mutation><field name=\"block\">CUSTOM:OrewoodEmerald</field></block></value><value name=\"entry6\"><block type=\"blockstate_selector\"><mutation xmlns=\"http://www.w3.org/1999/xhtml\" inputs=\"0\"></mutation><field name=\"block\">CUSTOM:OrewoodLapis</field></block></value></block></value><value name=\"can_grow_through\"><block type=\"block_holderset_tag\"><field name=\"tag\">stone</field></block></value><value name=\"muddy_roots_provider\"><block type=\"blockstate_selector\"><mutation xmlns=\"http://www.w3.org/1999/xhtml\" inputs=\"0\"></mutation><field name=\"block\">CUSTOM:PetrifiedWoodLog</field></block></value><value name=\"muddy_roots_in\"><block type=\"block_holderset_tag\"><field name=\"tag\">dirt</field></block></value><value name=\"above_root_provider\"><block type=\"blockstate_selector\"><mutation xmlns=\"http://www.w3.org/1999/xhtml\" inputs=\"0\"></mutation><field name=\"block\">CUSTOM:PetrifiedWoodLog</field></block></value><value name=\"trunk_offset_y\"><block type=\"int_provider_uniform\"><field name=\"min\">1</field><field name=\"max\">3</field></block></value></block></value></block></value><next><block type=\"placement_count\"><value name=\"count\"><block type=\"int_provider_uniform\"><field name=\"min\">1</field><field name=\"max\">11</field></block></value><next><block type=\"placement_height_range\"><value name=\"height\"><block type=\"height_provider_biased_to_bottom\"><field name=\"inner\">1</field><value name=\"min\"><block type=\"vertical_anchor_absolute\"><field name=\"value\">-64</field></block></value><value name=\"max\"><block type=\"vertical_anchor_absolute\"><field name=\"value\">16</field></block></value></block></value><next><block type=\"placement_environment_scan\"><field name=\"maxSteps\">5</field><field name=\"direction\">UP</field><value name=\"condition\"><block type=\"block_predicate_is_air\"></block></value></block></next></block></next></block></next></block></xml>"
  }
}