{
  "_fv": 69,
  "_type": "recipe",
  "definition": {
    "recipeType": "Crafting",
    "recipeRetstackSize": 3,
    "group": "",
    "cookingBookCategory": "MISC",
    "xpReward": 0.0,
    "cookingTime": 200,
    "craftingBookCategory": "BUILDING",
    "recipeShapeless": false,
    "recipeSlots": [
      {
        "value": "CUSTOM:PetrifiedWoodPlanks"
      },
      {
        "value": "CUSTOM:PetrifiedWoodPlanks"
      },
      {
        "value": ""
      },
      {
        "value": "CUSTOM:PetrifiedWoodPlanks"
      },
      {
        "value": "CUSTOM:PetrifiedWoodPlanks"
      },
      {
        "value": ""
      },
      {
        "value": "CUSTOM:PetrifiedWoodPlanks"
      },
      {
        "value": "CUSTOM:PetrifiedWoodPlanks"
      },
      {
        "value": ""
      }
    ],
    "recipeReturnStack": {
      "value": "CUSTOM:PetrifiedWoodDoor"
    },
    "name": "petrified_wood_door_recipe",
    "namespace": "mod"
  }
}