{
  "type": "minecraft:crafting_shapeless",
  "category": "misc",
  "ingredients": [
    {
      "item": "bloat_monster_ores:charged_gun_powder"
    },
    {
      "item": "bloat_monster_ores:charged_gun_powder"
    },
    {
      "item": "minecraft:golden_pickaxe"
    },
    {
      "item": "bloat_monster_ores:charged_gun_powder"
    },
    {
      "item": "bloat_monster_ores:charged_gun_powder"
    }
  ],
  "result": {
    "item": "bloat_monster_ores:charged_explosive_pickaxe",
    "count": 1
  }
}